"藥品代碼","藥品名稱","學名","藥品條碼"
"OACE5","ACERTIL 5MG/TAB","Perindopril",""
"OACE500","ACETAL 500MG/CAP","Acetaminophen","4719879910025"
"OACET-1","ACETAZOLAMIDE 250MG/TAB","Acetazolamide","4717555676098"
"OALLE","ALLEGRA 60MG/TAB","Fexofenadine","8901083010417"
"OAMA","AMARYL★ 2MG/TAB","Amantadine sulfate","4711928140247"
"OAMAN","AMANDA 100MG/TAB","Amantadine sulfate","4717818021023"
"OAMOX","AMOXICILLIN 250MG/CAP","Amoxicillin","4715168101082"
"OAMP-1","AMPICILLIN 500MG/CAP","Ampicillin","4711916003837"
"OANK","ANKOMIN 500MG/TAB","Metformin","4716140001703"
"OANZ","Anza 50/5 mg/tab","Hydrochlorothiazide, Amiloride",""
"OASPA","ASPARA-CA 200MG/CAP","Calcium Aspartate","4714599000476"
"OBEF","BEFON 5MG/CAP","Baclofen","4719693801615"
"OBHL","B.H.L. 2MG/TAB","Trihexyphenidyl","4715773880020"
"OBIN","BININ-U 5MG/TAB","Haloperidol","4715459584044"
"OBISO","BISO 5MG/TAB","Bisoprolol","4716140001970"
"OBOK","BOKEY 100MG/CAP","Aspirin","4715168108432"
"OCAB","CABUDAN 25MG/TAB","Captopril","4716140003820"
"OCALC","CALCIUM CARBONATE 500MG/TAB","Calcium carbonate (CaCO3)","4710836379749"
"OCAR","CARDOLOL 40MG/CAP","Propranolol","114711928750726"
"OCAR6.25","CARVEDILOL 6.25MG/TAB","Carvedilol","4714925300003"
"OCATA","CATAFLAM 25MG/TAB","Diclofenac potassium","4714925002549"
"OCEF01","CEFLOUR 250MG/TAB","Cefuroxime","4715168108258"
"OCEFI","CEFIXMYCIN 100MG/CAP","Cefixime","4715168107466"
"OCEPH500","CEPHANMYCIN 500MG/CAP","Cephalexin","4715168101341"
"OCERO","CERO 250 MG/CAP","Cefaclor","4711916004636"
"OCET","CETIA 10MG/TAB","Cetirizine","4711916001116"
"OCINO","CINOLONE 250MG/TAB","Ciprofloxacin","4711916004384"
"OCOL","COLCHICINE 0.5MG/TAB","Colchicine","4716953633269"
"OCOMP","COMPESOLON 5MG/TAB","Prednisolone","4714127980034"
"OCONS","CONST-K 750MG/CAP","Potassium chloride","4719873865147"
"OCORD","CORDARONE 200MG/TAB","Amiodarone","3582910006244"
"OCOX","COXINE 60MG/TAB","Isosorbide-5-mononitrate","4716140004100"
"OCRE","CRESTOR 10MG/TAB","Rosuvastatin","5000455017771"
"ODAMP","DAMPURINE 25MG/TAB","Bethanechol","4712308862094"
"ODEX","DEXAZONE 0.5MG/TAB","Dexamethasone","4719858943631"
"ODEX-C","DEX-CTM 2MG/TAB","Dexchlorpheniramine","4716140004308"
"ODIL","DILANTIN 100MG/CAP","Phenytoin","4719863755526"
"ODINI","DIPHENIDOL 25MG/TAB","Diphenidol","4713680312825"
"ODIO160","DIOVAN 160MG/TAB","Valsartan","4714925002228"
"ODIP","DIPYRIDAMOLE 25MG/TAB","Dipyridamole","4713680312955"
"ODOXE","DOXEPIN 25MG/CAP","Doxepin","4711914442119"
"ODOXY-1","DOXYNIN 100MG/CAP","Doxycycline","4715459224049"
"ODUC01","DULCOLAX 5MG/TAB","Bisacodyl","4716675021474"
"OECO","ECOXIA 60mg/tab","Etoricoxib","4716140214400"
"OELT5","ELTROXIN 50MCG/TAB","Levothyroxine","4716521950002"
"OERG","ERGOMETRINE 0.2MG/TAB","Ergometrine","4719858943358"
"OERY-3","ERYTHROCIN 250MG/CAP","Erythromycin Estolate","114711928755554"
"OESO","ESOCOMFORT 40MG/TAB","Esomeprazole","4718037530624"
"OEURI","BENZBROMARONE 25MG/TAB","Benzbromarone","4716140006418"
"OEVO","EVOXAC 25MG/CAP","Cevimeline","4719866940653"
"OFAMO","FAMOTIDINE 20MG/TAB","Famotidine","4710596130024"
"OFEB","FEBURIC 80MG/TAB","Febuxostat","4714735434356"
"OFLU01","FLUITRAN 2MG/TAB","Trichlormethiazide","4716953652802"
"OFLUZ","FLUZINE 5MG/TAB","Flunarizine","4713680313617"
"OFOL","FOLIC ACID 5MG/CAP","Folic acid","4717555628097"
"OFORF","FORFLOW 400MG/TAB","Pentoxifylline","4719693800830"
"OHER","HERBESSER 30MG/TAB","Diltiazem","4714599040625"
"OHIB","HI-BESTON 50MG/TAB","Bisbentiamine(vit b1), vit b2, b6, b12","4714599040120"
"OISOB","ISOBIDE 10MG/TAB","Isosorbide dinitrate",""
"OISON","INH (ISONIAZID) 100MG/TAB","Isoniazid","4719858940197"
"OKAS","KASCOAL 50MG/TAB","Dimethicone","4715168102096"
"OLAMI","LAMICTAL 50MG/TAB","Lamotrigine","5034676005071"
"OLAN","(預包用) LANOXIN 0.25 MG/TAB","Digoxin",""
"OLANS","LANSOPRAZOLE 30MG/CAP","Lansoprazole","4710596130031"
"OLID","LIDIN 300MG/TAB","Lithium carbonate","4710836370753"
"OLIN","LINDACIN 150MG/CAP","Clindamycin","4711916006449"
"OLIPD","LIPDOWN 300MG/CAP","Gemfibrozil","4713680353750"
"OLOA","LOATA 50MG/TAB","Cilostazol","4710596325178"
"OLONI","LONITEN 10MG/TAB","Minoxidil",""
"OMA250","MADOPAR 250MG/TAB","Levodopa, benserazide","4714876000106"
"OMADO","MADOPAR HBS 125MG/CAP","Levodopa, benserazide","4714876002322"
"OMAG01","MgO 250MG/TAB","Magnesium oxide","4719853801455"
"OMAG02","MgO 250MG/TAB","Magnesium oxide","4719853801455"
"OMEC","MECLIZINE 25MG/TAB","Meclizine","4719858942436"
"OMEPH","MEPHAN 30MG/TAB","Dextromethorphan,lysozyme,potassium cresolsu","4716083010275"
"OMETH","METHYLDOPA 250MG/CAP","Methyldopa","4719858946007"
"OMEY","MESYREL 50MG/TAB","Trazodone","4719693800939"
"OMID","MIDORINE 2.5MG/TAB","Midodrine","4710837771917"
"OMIN","MINIRIN 0.1MG/TAB","Desmopressin",""
"OMIN-1","MINOLIN 100MG/CAP","Minocycline","4711916004995"
"OMOP","MOPRIDE 5MG/TAB","Mosapride","4716814330191"
"OMUS01","MUSCO 30MG/CAP","Ambroxol","4713680318940"
"ONARI","NARIZIN 25MG/TAB","Cinnarizine","4719858945840"
"ONEW","NEWZYME","Biodiastase, Lipase, Newlase","4713680315444"
"ONMC","NEOMYCIN 250MG/CAP","Neomycin","4711928849218"
"ONOR","NORVASC 5MG/TAB","Amlodipine besylate","1210001150775"
"ONOV","NOVAMIN 5MG/TAB","Prochlorperazine","4716953622508"
"ONYS","NYSTATIN 50萬U/CAP","Nystatin","4715168102508"
"OPEA","PEACE","Triprolidine, pseudoephedrine","4715168102560"
"OPIL","PILIAN 4MG/TAB","Cyproheptadine","4715168108821"
"OPON","PONSTAN 250MG/CAP","Mefenamic acid","4719863751511"
"OPRO","PROPRANOLOL 10MG/TAB","Propranolol","4713680316359"
"OPROM","PROMERAN 5MG/CAP","Metoclopramide","114080048523"
"OPYR","Pyridoxin 50mg","Pyridoxine","4719858946854"
"OPYRA-1","PYRAZINAMIDE 500MG/TAB","Pyrazinamide","4710837772877"
"OREA","REASON 50MG/CAP","Lysozyme","4710945931562"
"OREP","REPAGLINIDE 1MG/TAB","Repaglinide","4710596240068"
"ORIC","RICH 30 MG/CAP","Lansoprazole",""
"ORIF-3","RIFAMPICIN 300MG/CAP","Rifampin","4710700451137"
"ORIS3","RISPERDAL 3MG/TAB","Risperidone","4712780100677"
"OROM","ROMICON-A","Dextromethorphan,lysozyme,potassium cresolsu","4716140229039"
"OSAL-1","SALAZINE 500MG/TAB","Sulfasalazine","4711916017384"
"OSALA","SALAGEN 5MG/TAB","Pilocarpine","362856705103"
"OSEQ25","SEROQUEL 25MG/TAB","Quetiapine",""
"OSEVI","SEVIKAR","Olmesartan, Amlodipine, Hydrochlorothiazide",""
"OSIG","SIGMART 5MG/TAB","Nicorandil","4987136104481"
"OSIL","SILIRIN 150MG/CAP","Silymarin","4717216224057"
"OSILY","SILYGEN","Silymarin + B-Complex",""
"OSOLA","SOLAXIN 200MG/TAB","Chlorzoxazone","4714534011208"
"OSOV","SOVERINE 60MG/CAP","Alverine citrate","4711914441686"
"OSPI","SPIRONOLACTONE 25MG/CAP","Spironolactone","4711914441655"
"OSTAB","STABLE 10MG/TAB","Hydralazine",""
"OSWE","SWEI 230/1.25 MG/TAB","Aluminum hydroxide, homatropine","4713801178101"
"OTAMS","TAMSO 0.2MG/CAP","Tamsulosin","4712462318819"
"OTERO","TERODINE 2MG/TAB","Tolterodine",""
"OTET-1","TETRACYCLINE 250MG/CAP","Tetracycline HCl",""
"OTHR","THROUGH 20MG/TAB","Sennoside","4712244440059"
"OTHRO","THRONE 100MG/TAB","Pentoxifylline",""
"OTOPA","TOPAMAX 25MG/CAP","Topiramate","4712780101612"
"OTRA-1","TRANEXAM 250MG/TAB","Tranexamic acid","4719858944249"
"OTRA08","TRAJENTA 5MG/TAB","Linagliptin","14716675212896"
"OTRAN-1","TRANTIN 7.5MG/TAB","Mepenzolate bromide","4713801178170"
"OTUL","TULIP 20MG/TAB","Atorvastatin","3838957019823"
"OULST","ULSTAL 5/100 MG/TAB","Oxethazaine, Aluminum Silicate Synthetic","4713930074862"
"OURA","URACARE 10MG/CAP","Trospium","4719867874384"
"OURIE-1","URIEF 4MG/CAP","Silodosin","4716140213519"
"OUROG","UROGEN 50MG/CAP","Phenazopyridine","4719858947523"
"OVAN","(預包用) VANCOVER 125 MG/CAP","Vancomycin",""
"OVEM","(預包用) VEMLIDY 25 MG/TAB","Tenofovir alafenamide","4719871850077"
"OVITB6-2","VITAMIN B6 (應元) 10MG/CAP","Pyridoxine",""
"OVOTA","VOTAN 100MG/TAB","Diclofenac",""
"OZAP","ZAPINE 100MG/TAB","Clozapine","4711916003974"
"OZIE","ZIEFMYCIN 250MG/CAP","Dicloxacillin",""
